,match id,dataset_type,win_pred_team_id,win_pred_score,win_ratio,inning_runs/ball,team_bat_avg,team_f_1,team1_to_team2_average_boundaries_to_balls_bowled_ratio,team_f_2,team_winp_last5,team1_winp_team2_last15,team_count_50runs_last15,toss_winner_01,train_algorithm,is_ensemble,train_hps_trees,train_hps_depth,train_hps_lr
0,9250275,r1,28594,0.6418941,2.5,0.0,0.7709844559585493,1.0338034877317828,0.290964882,0.0,0.019607843,0.0,0.0,1,XGBoost,no,280,14,0.18
1,9262189,r1,36084,0.6075206,1.341666667,1.2032979809500186,1.142016988269223,1.0431898623867757,0.997982559,1.1457156765310132,0.344262295,66.67,0.615384615,1,XGBoost,no,280,14,0.18
2,9128776,r1,30428,0.5256574,0.93006993,1.1165019162019478,1.0605899738873636,1.0441556479510117,0.943497719,0.9387624789876184,0.75308642,100.0,0.842105263,0,XGBoost,no,280,14,0.18
3,9586919,r1,36098,0.59401006,0.903010033,1.1353049711161345,0.8000860431915152,0.898380795,0.914496594,1.01040424495284,1.487804878,75.0,0.285714286,1,XGBoost,no,280,14,0.18
4,9128538,r1,48341,0.5578381,0.888888889,1.064695139293012,0.9955136835578636,1.0061054551377304,0.859763334,0.9953103064204576,0.31032954,0.0,2.375,1,XGBoost,no,280,14,0.18
5,9516653,r1,30407,0.54451954,0.846153846,0.9234954804947668,0.8874034182364064,0.9615318020538391,0.876842981,1.1621666768572887,0.672131148,50.0,0.4,1,XGBoost,no,280,14,0.18
6,9516534,r1,30414,0.69674104,0.576,0.9768939491713814,0.9132835665488612,0.964864496,1.009217968,0.7788271542280847,0.344262295,25.0,0.681818182,1,XGBoost,no,280,14,0.18
7,9085474,r1,9701,0.54998845,1.3125,0.9870715835140996,1.0376838542933031,1.1390475080816824,0.632318738,1.0088274709928498,0.603960396,0.0,3.2,1,XGBoost,no,280,14,0.18
8,9433752,r1,7727,0.7392677,1.971428571,0.9782930747485848,1.225259479061307,1.190273989782576,0.812220296,0.8309136172018222,2.904761905,100.0,2.428571429,1,XGBoost,no,280,14,0.18
9,9516359,r1,30428,0.67213845,1.682692308,1.076223397057832,1.2081649665539016,1.0614833570956392,1.04519969,1.167473167044506,21.0,66.67,1.727272727,1,XGBoost,no,280,14,0.18
10,9262133,r1,38814,0.68264055,0.956521739,1.1443431967116746,0.9089561655791756,0.973685135893486,1.077522831,0.8455582736126254,1.487804878,66.67,1.714285714,1,XGBoost,no,280,14,0.18
11,9782086,r1,202,0.56316906,1.777777778,1.3320314807569915,0.968275793,1.1411636565450896,0.589026893,0.7655067058376123,1.952380952,0.0,1.5,0,XGBoost,no,280,14,0.18
12,9271807,r1,47501,0.84968865,0.6,0.9375835980423962,0.8323528153259155,0.8723398709158077,1.135638897,0.8788179384903642,0.50617284,0.0,0.6,1,XGBoost,no,280,14,0.18
13,9644102,r1,48,0.54967535,1.0125,1.078689244663383,1.371690340767009,1.1517948168211705,1.283501772,0.7310678109140789,1.487804878,0.0,3.4,1,XGBoost,no,280,14,0.18
14,9256386,r1,62,0.67624456,0.693313954,0.8683334120090634,0.5928922161583448,0.8992573272906541,1.479628859,0.9905676964096264,0.024390244,0.0,0.444444444,0,XGBoost,no,280,14,0.18
15,9272773,r1,33921,0.6262384,1.369369369,1.0776866439815636,1.066987139,0.9578868239486052,1.014303293,1.163488182639661,2.904761905,50.0,0.909090909,1,XGBoost,no,280,14,0.18
16,9433850,r1,10576,0.50700974,0.786290323,0.9263670724894434,0.7527009470015353,1.0391335412800111,0.706472481,1.1203330881583666,1.0,50.0,0.666666667,0,XGBoost,no,280,14,0.18
17,9615073,r1,20,0.5425878,0.762987013,1.02947378,0.9188403462217852,0.908481009,0.981049076,1.0239689394773064,2.904761905,60.0,0.923076923,1,XGBoost,no,280,14,0.18
18,9262035,r1,36070,0.50059515,0.946969697,0.9978303439272612,0.939763040028502,0.9877253721775004,1.047595128,0.6279535758785207,1.487804878,100.0,0.4,1,XGBoost,no,280,14,0.18
19,9262252,r1,36098,0.52717936,1.104,1.087375643407304,1.0386105609853928,0.987902887,0.98412896,1.1075409498914248,1.327868852,66.67,0.833333333,0,XGBoost,no,280,14,0.18
20,9128363,r1,48334,0.5513488,0.926315789,1.1349981434599157,0.9287054476496468,1.030045061223614,0.951094758,0.9384485618335322,1.0,0.0,2.75,1,XGBoost,no,280,14,0.18
21,9085292,r1,10366,0.7321583,1.402714932,1.1398307886803465,1.0291362327746332,0.9152688513350176,0.740337488,1.3405472912627638,2.904761905,33.33,0.75,1,XGBoost,no,280,14,0.18
22,9272444,r1,33921,0.62270457,1.369369369,1.0383963018622515,1.0031048687431312,1.0307747104643314,0.793342195,0.9704048582717456,0.024390244,60.0,0.636363636,0,XGBoost,no,280,14,0.18
23,9457538,r1,42573,0.76135963,0.533333333,0.9927297985644824,1.0073515372902349,0.9455334394069368,1.211660342,0.7990093230769891,1.0,50.0,0.714285714,1,XGBoost,no,280,14,0.18
24,9433108,r1,9701,0.8429899,0.476190476,0.9382114204072662,0.9294311590010798,0.8542830057228744,1.12146598,1.1581601583099557,0.50617284,0.0,0.714285714,1,XGBoost,no,280,14,0.18
25,9516674,r1,30435,0.56925327,0.9,0.9877989346812966,0.9491194061060836,1.0291188582608792,1.33105441,0.8058010489323635,1.0,25.0,0.7,1,XGBoost,no,280,14,0.18
26,9684506,r1,12389,0.850533,0.0,0.6778052623195888,0.303046357615894,0.5227870782299165,0.818782609,0.0,0.047619048,0.0,0.0,0,XGBoost,no,280,14,0.18
27,9167927,r1,251,0.83561236,0.470588235,0.9860392343542992,1.3587635531247542,0.9643295107106314,1.436633496,0.8955464660926727,21.0,100.0,2.0,1,XGBoost,no,280,14,0.18
28,9433885,r1,9701,0.62956816,0.796252927,1.005339483088174,0.8668234893234671,1.0466883158307063,1.17282666,0.8495313390970759,1.0,0.0,0.909090909,0,XGBoost,no,280,14,0.18
29,9433899,r1,7727,0.7440827,1.215714286,0.9622505870478852,1.126813223431441,1.029227590322465,0.849548285,1.0859003949510333,1.975609756,80.0,1.0,1,XGBoost,no,280,14,0.18
30,9087147,r1,188,0.6169304,0.861833105,0.942749229,0.8191774142723792,1.073390348358606,0.90207799,1.018875623493544,0.207920792,50.0,0.8,0,XGBoost,no,280,14,0.18
31,9457664,r1,47529,0.72193813,2.070588235,1.0471446361857322,1.3166281154067576,0.9253700942760998,1.144973971,0.7147747783971325,61.0,100.0,2.0,0,XGBoost,no,280,14,0.18
32,9097395,r1,23750,0.8551693,2.5,1.2199022388510046,1.346089902605569,1.346699499725489,1.272000877,1.2729508181277098,61.0,0.0,3.0,1,XGBoost,no,280,14,0.18
33,9271800,r1,47480,0.76426506,2.142857143,1.0788654799147313,1.0408414116879223,1.131912372960615,0.907879456,0.9480982887675404,1.487804878,50.0,1.142857143,1,XGBoost,no,280,14,0.18
34,9087042,r1,48,0.7515609,1.172727273,1.0217185554171857,0.9572748429890864,1.0353064437042292,0.942786281,0.9751335716025044,1.975609756,40.0,1.055555556,1,XGBoost,no,280,14,0.18
35,9457510,r1,47529,0.6975082,3.882352941,1.2683133231078436,0.7871011877687438,1.000134942,0.681757683,0.037938715,3.857142857,0.0,2.2,1,XGBoost,no,280,14,0.18
36,9085040,r1,9967,0.5103547,0.971428571,0.9978896290150318,1.0236729282607917,1.0313842183790307,0.968296543,1.1294734898959629,0.672131148,66.67,0.833333333,1,XGBoost,no,280,14,0.18
37,9085418,r1,8987,0.76906466,0.752371917,0.9513812078717356,1.0849538786007915,0.9267027286809314,1.632201105,0.9922349195044264,0.344262295,0.0,1.222222222,1,XGBoost,no,280,14,0.18
38,9331398,r1,11591,0.6187812,1.326530612,0.880533505,0.7446411059954666,0.8284574403324879,0.323030267,1.1128541618193788,1.327868852,0.0,0.2,1,XGBoost,no,280,14,0.18
39,9272507,r1,33963,0.5244746,0.730263158,1.0978781973984273,0.889997567,1.1273698917962365,0.870135975,0.9830776456860268,1.0,50.0,1.333333333,1,XGBoost,no,280,14,0.18
40,9225376,r1,41,0.5201121,1.32,1.0476346104930587,1.2955857835048237,1.034201785185321,0.975487878,1.002868650812058,2.463414634,0.0,1.7,0,XGBoost,no,280,14,0.18
41,9516338,r1,30414,0.54573363,0.888888889,1.064695139293012,0.9586075175852596,1.0290044928050046,1.068174794,0.931770199,0.50617284,0.0,1.307692308,1,XGBoost,no,280,14,0.18
42,9440493,r1,55,0.56720924,1.582150101,1.1958324272264322,1.306694117700648,1.0567169394579097,1.15278552,0.924198749,1.0,60.0,1.3125,1,XGBoost,no,280,14,0.18
43,9457447,r1,40298,0.81808805,0.895927602,1.0382912459876823,0.8708967253007664,0.8658739099152294,1.097431112,0.075491934,1.975609756,66.67,0.909090909,1,XGBoost,no,280,14,0.18
44,9077011,r1,40298,0.80804026,2.311111111,1.0662949432801383,0.9339865289635536,1.0942193433053748,0.806265435,1.4388220293930625,1.487804878,100.0,0.875,0,XGBoost,no,280,14,0.18
45,9085355,r1,9701,0.6962691,0.37037037,0.9328111914959988,0.7182840193818105,0.9074597672127952,0.878638089,1.21283099,0.512195122,0.0,0.625,1,XGBoost,no,280,14,0.18
46,9076997,r1,47529,0.54224056,0.618181818,1.0697266035449131,1.1004009585613157,0.9215215213159024,0.869685936,1.0657020539915558,0.405940594,100.0,1.2,0,XGBoost,no,280,14,0.18
47,9587136,r1,36126,0.50270075,1.041666667,1.0918621547348175,1.2163372068280327,0.9407160059571692,0.677156327,1.0069579816107062,1.0,75.0,1.4,1,XGBoost,no,280,14,0.18
48,8887801,r1,33928,0.597916,1.019607843,1.1213859020310637,1.0509801734494255,0.9150833289063725,1.19490158,1.1832662402106355,1.0,50.0,1.6,0,XGBoost,no,280,14,0.18
49,9684667,r1,12046,0.55393386,0.647619048,1.0569293017356236,0.953915838476884,1.028756686,1.312639612,0.8446068484791186,0.603960396,0.0,0.363636364,1,XGBoost,no,280,14,0.18
50,9330789,r1,12473,0.58702075,0.894736842,0.917388097560482,0.7794636912193093,1.0079193325687756,0.927003692,-2.827490436,0.672131148,100.0,4.0,0,XGBoost,no,280,14,0.18
51,9098844,r1,293,0.61575305,0.933810376,0.9683959331245394,1.0280466754981927,0.9324271237297904,1.200248876,0.8906641656037364,1.0,100.0,1.428571429,0,XGBoost,no,280,14,0.18
52,9331335,r1,14454,0.5061453,0.9625,1.1571635754979832,2.0641036610729957,1.2576049224587889,1.888502789,0.9283511398047268,1.0,0.0,6.0,1,XGBoost,no,280,14,0.18
53,9085187,r1,9701,0.52762794,0.772200772,1.0283822937230522,0.9761735210401616,0.9579849511412006,1.23732604,1.0213685240409245,1.327868852,66.67,0.529411765,1,XGBoost,no,280,14,0.18
54,9051104,r1,40578,0.50362104,1.0,0.9976047904191616,0.7965042846674147,1.1089851178679413,1.051925519,0.991925528,1.0,100.0,0.75,0,XGBoost,no,280,14,0.18
55,9271730,r1,47480,0.6186121,1.285714286,1.0684938936907302,0.9819201651232556,0.973278351,0.918633991,1.0158432516341405,1.327868852,33.33,0.909090909,0,XGBoost,no,280,14,0.18
56,9051048,r1,40606,0.57888216,0.631372549,1.098619351018215,1.2966531972315596,1.1238246106390204,0.979668425,0.8163416155462185,1.952380952,50.0,2.6,1,XGBoost,no,280,14,0.18
57,9407782,r1,48922,0.5610981,0.888888889,0.8892355694227769,1.108317822235527,1.0700237559586443,1.106048896,1.3671802460848417,1.0,100.0,0.666666667,0,XGBoost,no,280,14,0.18
58,9272542,r1,33935,0.782322,0.459677419,0.9133580483138004,0.8860474466545774,0.9390529560039078,0.927545837,0.9558565941778276,0.50617284,0.0,0.923076923,0,XGBoost,no,280,14,0.18
59,9377339,r1,62,0.54906297,1.006289308,1.0341869859780957,1.1513011713005596,1.1086853326324455,1.004472372,1.082364241553496,1.0,60.0,1.352941176,1,XGBoost,no,280,14,0.18
60,8950780,r1,55,0.63415754,1.479310345,1.1133418190405429,1.2830227875206777,1.0353944795199572,0.976530278,0.0,2.463414634,0.0,1.909090909,1,XGBoost,no,280,14,0.18
61,9290917,r1,55,0.83544177,1.793103448,1.353780412180705,1.4598289038244985,1.4934535043204564,0.863868028,3.143386050889435,1.196078431,0.0,4.5,1,XGBoost,no,280,14,0.18
62,9084655,r1,10366,0.5406553,1.102941176,1.0332641347480194,0.9403804119168268,1.0593589492466156,0.832826796,1.107240944260954,1.487804878,50.0,0.785714286,0,XGBoost,no,280,14,0.18
63,9516569,r1,30421,0.62970126,1.50862069,0.9776389364329624,0.9601488397161072,1.0831510119040269,0.988314494,1.166000205904666,1.0,100.0,0.8125,0,XGBoost,no,280,14,0.18
64,9085215,r1,8917,0.54033864,1.045081967,0.9573401870882634,0.8598152834193253,1.0383492909299274,1.00609041,0.9672358045546162,1.0,50.0,1.454545455,1,XGBoost,no,280,14,0.18
65,9292569,r1,34,0.50687236,0.814407814,0.9603021783444388,0.986896768,1.0311991806227958,0.66526012,0.9334615621355684,0.75308642,20.0,1.272727273,1,XGBoost,no,280,14,0.18
66,9272738,r1,33935,0.73952115,2.175438596,1.1485226979067964,1.040003614781024,0.9764711376185587,1.122892712,1.139503030837997,1.0,100.0,0.6,1,XGBoost,no,280,14,0.18
67,9331216,r1,14454,0.67096084,0.714285714,0.9432615876599963,1.0818307300749357,0.7323735788153584,0.848945262,0.9321251009541388,1.487804878,0.0,0.857142857,0,XGBoost,no,280,14,0.18
68,9128356,r1,30393,0.6546062,1.467084639,0.963685666720454,1.1720387424974763,1.0314778560438669,1.327603649,1.0318366461048285,1.0,50.0,1.0,1,XGBoost,no,280,14,0.18
69,9516807,r1,48334,0.6995368,1.495614035,1.130942206255524,0.9206864499964318,0.957283917295508,0.945266636,0.7590859580543099,0.672131148,100.0,1.142857143,1,XGBoost,no,280,14,0.18
70,9377318,r1,62,0.5358824,1.006289308,1.0341869859780957,1.0347388249987832,1.1215762859642218,1.083989342,1.0188508696829066,1.975609756,75.0,1.315789474,0,XGBoost,no,280,14,0.18
71,9084613,r1,7727,0.8259315,0.39452496,0.95050511310815,0.8510218854533801,0.8919533678929289,1.126341644,1.1555892846115612,0.50617284,100.0,1.25,1,XGBoost,no,280,14,0.18
72,9330705,r1,12718,0.5856367,1.75,0.939979889,1.9265255292652552,1.0586992825306758,1.170866435,1.0,1.975609756,0.0,0.0,1,XGBoost,no,280,14,0.18
73,9717518,r1,48,0.5845847,0.697674419,0.8689236111111112,0.8656866659146378,0.8576245907978535,0.939120214,1.1952907254290772,1.655737705,40.0,0.866666667,1,XGBoost,no,280,14,0.18
74,9433535,r1,7608,0.61236703,0.857142857,0.956128299690474,0.7859628228899853,0.9096949746750896,1.063650267,1.1694586321144782,1.952380952,50.0,0.4,1,XGBoost,no,280,14,0.18
75,9692451,r1,55,0.707104,0.544090056,0.9121830939783802,0.643420852,1.0040484172563595,0.887186762,0.9133501817789708,1.0,0.0,0.285714286,1,XGBoost,no,280,14,0.18
76,9489451,r1,46759,0.5145894,1.0,0.9835978835978836,1.3432577452595156,1.0256267791224305,1.008148708,0.9675108743492152,1.0,0.0,1.076923077,0,XGBoost,no,280,14,0.18
77,9272549,r1,33956,0.5141528,0.750519751,1.0022217742502069,0.7830097841326314,0.9400225918914676,1.051703039,1.0906324312312736,0.344262295,25.0,0.285714286,0,XGBoost,no,280,14,0.18
78,9539718,r1,293,0.5081839,1.346879535,1.1525782686821808,1.0185197359197629,0.9386072109829184,0.950524426,0.8959192639595356,3.857142857,100.0,2.8,0,XGBoost,no,280,14,0.18
79,9516779,r1,30421,0.676558,1.141065831,0.9064534025783868,1.1211183768808657,1.091908134,1.049222584,0.9433323136923952,1.0,80.0,2.6,1,XGBoost,no,280,14,0.18
80,8887780,r1,33963,0.520482,1.019607843,1.1213859020310637,1.130695758065458,0.8965697777082313,1.002331178,1.1791031999802968,1.0,50.0,1.8,0,XGBoost,no,280,14,0.18
81,9220070,r1,41,0.64372826,0.920930233,0.8528264030432949,0.9212592055428644,0.8714424787863321,0.818333905,1.1097500067650805,0.344262295,0.0,0.538461539,0,XGBoost,no,280,14,0.18
82,9407733,r1,48929,0.71025395,2.4,1.168837395822436,1.0685513734431362,1.16532071926977,0.792992169,0.8322162120963721,1.487804878,0.0,1.181818182,1,XGBoost,no,280,14,0.18
83,9076822,r1,40298,0.71069026,0.692307692,0.9675407334168182,0.8336446338619397,0.8399420207237299,1.06497755,0.8491088918825737,1.0,0.0,0.5,1,XGBoost,no,280,14,0.18
84,9051097,r1,44904,0.68798363,0.904347826,1.034536867187636,1.4735051176555898,1.1813637957788414,0.712708172,1.399014260089498,1.24691358,66.67,1.625,1,XGBoost,no,280,14,0.18
85,9484593,r1,40550,0.6320768,1.517857143,1.067566684812194,1.041538582917172,0.9919251909884296,1.332861355,0.8733506494254998,1.487804878,80.0,1.0,1,XGBoost,no,280,14,0.18
86,9128426,r1,30428,0.63332486,0.867521368,1.060479171718623,1.0583757654900987,1.0351289146131664,1.0510767,0.9404458946649312,0.672131148,0.0,1.875,1,XGBoost,no,280,14,0.18
87,9085278,r1,7727,0.67744184,1.533333333,1.00676483076469,1.103268498766712,1.1202417538082787,0.929848646,0.9591679333634748,1.487804878,100.0,1.5,1,XGBoost,no,280,14,0.18
88,9271695,r1,47501,0.60402054,0.875,1.0720261545605705,1.052818834184752,1.123618772079467,1.183937503,1.1100027524569904,2.904761905,100.0,0.909090909,1,XGBoost,no,280,14,0.18
89,9684051,r1,11591,0.5922953,1.350649351,0.9202817039174452,0.6148448927579263,0.7737957152502613,1.251860533,1.2825605962805997,0.672131148,100.0,0.0,0,XGBoost,no,280,14,0.18
90,9516443,r1,30435,0.5556006,0.965517241,0.9023001172511652,0.9654017630893816,0.940129527557414,0.660210973,1.128855206177964,1.0,100.0,0.866666667,1,XGBoost,no,280,14,0.18
91,9085327,r1,8182,0.5017736,0.968421053,0.9974447751664142,0.94158070920215,0.9059260902608264,1.203600084,0.951926025489054,1.327868852,0.0,1.25,1,XGBoost,no,280,14,0.18
92,9128552,r1,30393,0.6772779,1.072100313,1.0782648533541472,0.988047725410676,1.0317757839337929,0.917281968,1.0909682073872558,0.75308642,0.0,0.571428571,1,XGBoost,no,280,14,0.18
93,9076983,r1,40298,0.7861127,0.692307692,0.9675407334168182,1.0443908702331457,0.857375878,1.666729222,0.9318201029758464,0.016393443,0.0,0.777777778,1,XGBoost,no,280,14,0.18
94,9084956,r1,8182,0.50253165,0.963768116,0.9819581849360244,1.2226357704426236,1.0200089521431592,0.984147225,1.080170999492192,1.487804878,50.0,0.692307692,1,XGBoost,no,280,14,0.18
95,9725764,r1,55,0.65329945,1.314263323,1.085800319731974,1.091384039164481,1.0364765074450395,0.871567542,1.006323254,1.327868852,80.0,1.857142857,1,XGBoost,no,280,14,0.18
96,9433157,r1,7258,0.5506435,0.792857143,0.9807207215534168,0.9113547017204778,0.8964427429473367,0.932031128,1.1871429453543156,0.259259259,0.0,0.384615385,1,XGBoost,no,280,14,0.18
97,9457482,r1,40298,0.7492859,0.692307692,0.9675407334168182,0.761373863,0.8524573866660672,1.149988177,0.8787243371889222,1.487804878,100.0,0.166666667,1,XGBoost,no,280,14,0.18
98,9097178,r1,202,0.6637519,1.777777778,1.3320314807569915,1.96743807384402,1.2104589058419477,0.963406137,0.7849759817389926,101.0,0.0,1.5,1,XGBoost,no,280,14,0.18
99,9085362,r1,8182,0.7405161,0.761460102,0.9380225924993858,0.9270239260079928,0.9270372367808396,1.48829551,0.859979033,0.344262295,33.33,0.785714286,1,XGBoost,no,280,14,0.18
100,9097185,r1,237,0.66606903,0.528455285,1.1777568732758967,0.8704328809162595,1.4252811015596538,1.604021614,1.1127184212852328,0.803921569,0.0,4.0,1,XGBoost,no,280,14,0.18
101,9457419,r1,35790,0.6835203,1.202020202,1.1899100441184898,1.0101675008007025,1.0100905857251408,1.188933975,2.0718389438955653,1.24691358,0.0,0.7,1,XGBoost,no,280,14,0.18
102,9684786,r1,15497,0.551208,0.933333333,0.9961618796986812,1.1208580973625042,0.962262655,1.146161831,1.4416565420433856,1.487804878,0.0,1.25,1,XGBoost,no,280,14,0.18
103,9272493,r1,33963,0.5943321,1.369369369,1.0776866439815636,1.2053938336620909,0.887020318,1.193976822,1.066460695251044,1.0,50.0,0.615384615,0,XGBoost,no,280,14,0.18
104,9272703,r1,33963,0.53733283,1.0,1.0299199325748,1.1090907955569516,1.0423940192981276,1.250865855,0.9912911040065662,3.857142857,33.33,1.1,0,XGBoost,no,280,14,0.18
105,9388511,r1,17982,0.6826931,1.635555556,1.102562052,0.9493616256241094,1.1348339484530838,0.971767724,1.2757807632985618,1.952380952,100.0,0.777777778,1,XGBoost,no,280,14,0.18
106,9262231,r1,36084,0.5899826,0.822857143,0.938342778972054,0.8535360802825892,0.9621717426541164,0.902054492,0.9715109395557754,1.327868852,50.0,1.0,1,XGBoost,no,280,14,0.18
107,9087168,r1,27,0.6468973,1.398449613,1.1184895074715433,1.395214505885987,1.008559179658967,1.246218964,1.1163519523114471,1.487804878,0.0,2.833333333,1,XGBoost,no,280,14,0.18
108,9087210,r1,48,0.66161615,1.64,1.095015015015015,1.369353776943986,1.0482073512174137,1.245209155,1.0885922664228904,1.487804878,100.0,2.833333333,1,XGBoost,no,280,14,0.18
109,9433178,r1,9876,0.5362805,1.095238095,0.9393748141891956,1.1399924401784125,1.0207497664711742,0.641841023,1.099775809049124,1.975609756,0.0,1.0,1,XGBoost,no,280,14,0.18
110,9051195,r1,40606,0.7333066,1.583850932,1.0376086550504162,1.3554567233461183,1.0353048532413478,1.050471933,1.1432629336200095,41.0,66.67,1.5,0,XGBoost,no,280,14,0.18
111,9433150,r1,8987,0.8716417,0.504595588,0.9764638551924614,1.15512920132937,0.807851774,1.21102099,1.033281862728824,0.344262295,0.0,0.692307692,1,XGBoost,no,280,14,0.18
112,9128496,r1,30407,0.5283048,0.846153846,0.9234954804947668,0.9925071412863914,0.9543540345801284,0.794374409,1.088938195477272,1.487804878,50.0,0.785714286,1,XGBoost,no,280,14,0.18
113,8938341,r1,55,0.6390079,1.128694581,1.0648528920189784,0.9268113248963054,0.9431134765038824,1.478633969,1.1699163775435442,1.975609756,60.0,0.807692308,0,XGBoost,no,280,14,0.18
114,9084662,r1,8987,0.64440453,0.752371917,0.9513812078717356,1.0912054982277997,0.9018865345308588,1.481313446,1.0053337570519902,0.672131148,0.0,1.0,1,XGBoost,no,280,14,0.18
115,9128398,r1,30428,0.5690981,1.076923077,0.9932874614188578,1.1480405693925275,1.0247035432623637,1.000826766,1.185929125756663,0.672131148,0.0,1.5,1,XGBoost,no,280,14,0.18
116,9457608,r1,35790,0.8153761,0.214285714,0.9700284858307548,1.1476504048671994,0.9939670807480202,0.969217242,1.0721652904067016,0.259259259,0.0,0.5,1,XGBoost,no,280,14,0.18
117,9097269,r1,22784,0.58202964,1.111111111,0.975664303657896,0.9733669634435184,1.0407034614702249,1.118620452,1.1603467539042516,21.0,0.0,2.0,1,XGBoost,no,280,14,0.18
118,9440563,r1,55,0.5199037,0.892307692,0.9406104051265342,1.0172766871191288,1.0369055416656274,1.483961106,0.7740973828851616,0.344262295,20.0,1.0,0,XGBoost,no,280,14,0.18
119,9457377,r1,40424,0.5513438,0.666666667,0.8924692064682455,0.9746712575590004,1.031418064306332,1.248367621,0.8598301714441015,41.0,100.0,0.142857143,1,XGBoost,no,280,14,0.18
120,9087091,r1,20,0.68648016,0.614111498,0.971724539818148,0.7159653839803458,0.9307824217466591,1.069143849,0.8955546671935977,0.405940594,0.0,0.25,1,XGBoost,no,280,14,0.18
121,9272388,r1,33956,0.7293321,0.542857143,0.9673185086014204,0.8538838763478668,0.9439424279072782,0.787137098,1.1875456614456077,1.487804878,25.0,0.882352941,0,XGBoost,no,280,14,0.18
122,9680222,r1,49650,0.65073466,1.224489796,0.95110504114357,0.9267781968916632,0.9363094647755388,1.048270334,1.0693445290820165,2.428571429,0.0,0.727272727,1,XGBoost,no,280,14,0.18
123,9272682,r1,33921,0.5357399,0.801857585,1.0543902228902955,0.8659554673180953,1.1039302584326554,1.249429207,0.8471225004428503,1.0,66.67,0.769230769,1,XGBoost,no,280,14,0.18
124,9077039,r1,40298,0.6756586,1.116161616,1.1489975114090305,1.2690922711842731,1.0944772681474293,1.029065068,1.167714171243757,0.603960396,33.33,1.8,0,XGBoost,no,280,14,0.18
125,9586961,r1,36098,0.57611805,1.045454545,1.2023962300955822,1.3454334981355631,1.0551266670013228,1.079901116,0.8757849726425756,0.344262295,33.33,2.0,1,XGBoost,no,280,14,0.18
126,9344313,r1,23113,0.6011004,0.590909091,1.2011853940320791,1.418387317330717,1.011686320515882,0.767247925,1.315670069787058,1.0,0.0,0.8,1,XGBoost,no,280,14,0.18
127,9051160,r1,40592,0.5831728,2.083333333,1.1065195443377265,0.9889258076525842,0.8641840636404747,1.615742757,0.7309141872049532,1.0,100.0,0.333333333,0,XGBoost,no,280,14,0.18
128,9250394,r1,90,0.8110296,0.0,1.1178861788617884,0.959721819762388,0.774149809,0.875867114,1.0705602859621168,0.024390244,0.0,0.25,1,XGBoost,no,280,14,0.18
129,9331377,r1,11591,0.5907691,1.238095238,1.0625093865991546,1.1765301475438807,0.890666556,0.456823022,1.0369475321760293,1.0,0.0,0.733333333,0,XGBoost,no,280,14,0.18
130,9849650,r1,76,0.5915836,1.214285714,1.0963288480572044,0.7108134985483979,1.2193850149145098,0.949396412,0.7836387473275239,1.487804878,50.0,0.6,1,XGBoost,no,280,14,0.18
131,9725778,r1,55,0.50260437,1.314263323,1.085800319731974,1.2067155083994483,0.996304541172886,1.127980939,0.972903012355946,1.975609756,100.0,1.533333333,1,XGBoost,no,280,14,0.18
132,9225383,r1,41,0.57026994,1.32,1.0476346104930587,1.3021186899768489,1.0989969851955417,0.974202072,0.9818028712446144,2.463414634,0.0,1.545454545,0,XGBoost,no,280,14,0.18
133,9516429,r1,30407,0.6501736,1.322115385,1.0006040363843094,0.9981889229486406,1.041303975461118,0.829400217,1.235365018192844,81.0,50.0,0.428571429,1,XGBoost,no,280,14,0.18
134,9344383,r1,23750,0.84135735,0.484848485,1.105925220526171,1.1930355681086082,0.9025821716070672,1.517895348,0.708861258,0.259259259,100.0,1.333333333,0,XGBoost,no,280,14,0.18
135,9702748,r1,33963,0.6608259,1.098039216,1.1046664279746987,0.9935176729517036,0.8472227648218779,1.230309443,1.0316783500571158,0.047619048,50.0,0.692307692,0,XGBoost,no,280,14,0.18
136,9094399,r1,46780,0.5886411,0.606060606,1.0339529664965026,1.0494494454013163,1.0349386894026564,0.958024041,1.1034336950266497,0.344262295,100.0,0.692307692,0,XGBoost,no,280,14,0.18
137,9331055,r1,11157,0.5816999,2.181818182,0.932921193,0.5304831059446669,0.8790619810614619,9.584210526,1.0,1.0,0.0,0.4,0,XGBoost,no,280,14,0.18
138,9076871,r1,45072,0.50629497,1.25,1.1818888077735397,1.0668296443146228,1.0297553882470938,1.835530799,0.8915762281285716,0.029129042,0.0,1.0,1,XGBoost,no,280,14,0.18
139,9290959,r1,293,0.50208676,0.742456897,0.96281636,0.7222676227693527,0.9318818633063116,0.951900704,1.2265645735921291,0.672131148,0.0,0.333333333,1,XGBoost,no,280,14,0.18
140,9330922,r1,11157,0.5923538,1.818181818,0.9011606860038917,0.4426184093078691,0.8133469625257643,5.609868421,0.0,1.952380952,0.0,0.4,0,XGBoost,no,280,14,0.18
141,9128629,r1,30407,0.60072654,1.368421053,1.0957813137494898,0.998427406,1.0242984883953257,1.509176951,1.024014089387983,1.975609756,0.0,1.142857143,1,XGBoost,no,280,14,0.18
142,9051202,r1,40592,0.5447084,0.728571429,0.9017328246732342,0.8878518812671532,1.0677873504693816,0.838816499,1.0385396941705445,1.952380952,33.33,0.692307692,0,XGBoost,no,280,14,0.18
143,9407705,r1,48950,0.8924594,0.5,1.009093707154649,0.7515583363087723,0.8414305627474027,1.489385607,1.0089643989163704,0.803921569,100.0,0.476190476,1,XGBoost,no,280,14,0.18
144,9388392,r1,18570,0.77388954,1.388888889,0.9537136894590884,0.7217278288517065,1.219529709907299,0.745395503,1.3403724394723195,3.857142857,66.67,0.470588235,1,XGBoost,no,280,14,0.18
145,9152359,r1,48,0.7235831,2.6,1.1861005736491488,1.1742331612790535,1.2734932960883252,1.080411116,0.7713583437477334,81.0,100.0,2.5,0,XGBoost,no,280,14,0.18
146,9271779,r1,47508,0.64063567,0.65625,0.9901653856443338,0.8680194174636905,1.1031338414821787,0.539215689,0.8056622170859398,1.952380952,50.0,1.375,0,XGBoost,no,280,14,0.18
147,9433549,r1,8182,0.7797706,1.958132045,1.0053656381677316,1.375833399315168,1.2986373595128693,0.836475555,0.8781462961175591,1.0,33.33,1.428571429,1,XGBoost,no,280,14,0.18
148,9433255,r1,10366,0.62785655,0.906666667,1.0934723658602128,1.123095066889204,0.9402557913911028,1.264518807,0.8208579865526561,0.672131148,66.67,0.923076923,1,XGBoost,no,280,14,0.18
149,9272605,r1,33935,0.61980355,0.629468178,0.9557187298822988,0.8215181729865355,1.006760685894117,0.930434095,0.9960743029485876,0.259259259,20.0,0.545454546,1,XGBoost,no,280,14,0.18
150,9085271,r1,8987,0.5863748,1.045081967,1.007865895901239,0.8101864697171804,1.1264538770918504,0.635000088,0.952349762617216,0.259259259,100.0,0.818181818,1,XGBoost,no,280,14,0.18
151,9489367,r1,46738,0.5786239,0.754901961,1.0035747925741034,0.9790228345655028,0.9489075409039364,0.676718671,1.1607409600797884,1.0,25.0,0.833333333,1,XGBoost,no,280,14,0.18
152,9516401,r1,48334,0.70431393,0.552727273,1.0488531685414062,0.9838429470158514,0.9350379728000654,0.842110433,1.000461666761547,0.024390244,0.0,0.666666667,0,XGBoost,no,280,14,0.18
153,9290931,r1,62,0.7168366,1.610062893,1.2342348674785102,1.3270335800795925,1.5134492833809945,0.55510772,2.811474426802264,1.196078431,0.0,4.25,1,XGBoost,no,280,14,0.18
154,9516737,r1,48334,0.7617874,0.552727273,1.0488531685414062,1.196116029579371,0.951597502,0.878032669,0.9892111345044536,2.904761905,0.0,1.058823529,0,XGBoost,no,280,14,0.18
155,8887745,r1,33914,0.5008743,0.902040816,0.9864076128284742,1.066655303631402,0.9096482095290768,0.462731081,1.1350857086302215,0.512195122,33.33,0.692307692,1,XGBoost,no,280,14,0.18
156,9027444,r1,18570,0.638306,1.148148148,0.9552865400585,0.9833228373332168,1.138804998670413,1.441472019,0.890504377,0.75308642,60.0,0.5,1,XGBoost,no,280,14,0.18
157,9457426,r1,45072,0.7579439,3.0,1.1818888077735397,0.7639560623363352,1.0629544295715747,0.719228446,0.9731697711322178,0.672131148,0.0,0.8,1,XGBoost,no,280,14,0.18
158,9407635,r1,48929,0.6945995,0.96,1.0035496356563125,0.8829569343742915,1.2112623435153256,0.938015207,1.1004227876625017,101.0,100.0,0.818181818,1,XGBoost,no,280,14,0.18
159,9263078,r1,76,0.5264306,1.16031746,1.0427509665372618,1.139782651941484,0.9736296143747424,1.084816149,0.9464646964125978,2.904761905,33.33,1.6,0,XGBoost,no,280,14,0.18
160,9516625,r1,30435,0.5126845,1.076923077,0.9932874614188578,1.0080759523153615,1.0050219168221104,0.784747158,1.183362276480747,1.0,0.0,1.0,0,XGBoost,no,280,14,0.18
161,9087112,r1,55,0.81331474,1.748275862,1.338471961489179,1.4949953069820725,1.2609348328051104,1.295300794,1.108294783131724,2.463414634,0.0,2.0,0,XGBoost,no,280,14,0.18
162,9388525,r1,17653,0.54007757,1.209677419,0.8779032153716763,0.8227277714916885,1.0914822545774692,0.621012405,1.0679559380098191,0.75308642,60.0,0.909090909,1,XGBoost,no,280,14,0.18
163,9087007,r1,76,0.60673416,0.935828877,1.189843236039586,1.184670503437778,1.190649021201556,0.981248887,0.9925353698638943,0.207920792,0.0,1.555555556,0,XGBoost,no,280,14,0.18
164,9680194,r1,47508,0.5300448,1.066666667,1.0660746740177842,1.0901911306551708,1.0182001477320706,0.706173546,1.1637020616319995,41.0,0.0,1.333333333,0,XGBoost,no,280,14,0.18
165,9330677,r1,11465,0.70195925,0.833333333,1.0182926829268293,1.3514419852448023,0.9859383906993436,1.499120956,0.0,1.952380952,0.0,1.0,0,XGBoost,no,280,14,0.18
166,9087140,r1,69,0.603005,1.411764706,1.125256787885654,1.257245410213769,1.094114207101751,1.48415199,0.8708465685864321,1.0,0.0,1.214285714,0,XGBoost,no,280,14,0.18
167,9592477,r1,48341,0.56787395,1.25,1.0048965676357473,0.977078372,0.94003540135085,0.875744455,1.1946829421583594,0.75308642,0.0,0.888888889,1,XGBoost,no,280,14,0.18
168,9388497,r1,18570,0.7015539,1.703703704,1.0901663839584483,0.783232739,0.962605659,0.779599035,1.099859604499156,2.904761905,66.67,0.444444444,1,XGBoost,no,280,14,0.18
169,9051076,r1,40578,0.52448463,1.37254902,1.034004914004914,0.8689058435548792,1.0339236280443806,1.174809756,0.9871071790608305,1.952380952,100.0,1.0,1,XGBoost,no,280,14,0.18
170,9077004,r1,40424,0.5384144,1.5,0.9640771942697102,1.1947264707215053,0.8591241477527795,1.405397265,1.04964264,0.024390244,0.0,1.2,1,XGBoost,no,280,14,0.18
171,9076843,r1,40424,0.5602345,1.066666667,0.9602046352995892,0.7655114128525266,1.0862548729299015,1.355174809,1.5165315659155587,0.504950495,0.0,1.0,1,XGBoost,no,280,14,0.18
172,9684702,r1,13166,0.7272433,5.6,1.452965816827843,1.056784417299439,1.0923225546922752,1.257256902,1.1111938423723626,41.0,0.0,0.0,0,XGBoost,no,280,14,0.18
173,8844338,r1,69,0.50350654,1.203830369,1.1493795913327984,1.1395999201550773,1.063601462574326,0.921442676,0.7650960851797279,4.80952381,100.0,1.636363636,0,XGBoost,no,280,14,0.18
174,9680243,r1,47501,0.61810654,0.6,0.9375835980423962,0.9069137350885912,1.016046854497016,0.926412067,0.8670871623793264,0.512195122,0.0,1.083333333,0,XGBoost,no,280,14,0.18
175,9516513,r1,30428,0.5138335,1.07518797,1.143783449342614,0.8716251660070015,0.9564332494644836,1.365342232,0.7391523388578329,1.0,0.0,0.65,1,XGBoost,no,280,14,0.18
176,9327555,r1,195,0.88931334,0.0,0.0,0.0,0.0,0.0,0.0,0.038461538,0.0,0.0,1,XGBoost,no,280,14,0.18
177,9094322,r1,46731,0.62918496,1.0,0.9835978835978836,1.027311201323255,1.0421524680058796,0.748248136,1.2048411314647556,1.0,0.0,0.894736842,1,XGBoost,no,280,14,0.18
178,9085110,r1,8987,0.66011614,1.055363322,1.0611647474962649,1.1721472184573896,0.8439496162501735,0.993558919,0.9979422129929204,2.904761905,66.67,0.666666667,1,XGBoost,no,280,14,0.18
179,9084788,r1,8917,0.51546127,1.012079379,1.013294838825084,1.2074897215558171,1.107037009398853,1.123695964,1.0709452772089916,0.672131148,50.0,0.9,0,XGBoost,no,280,14,0.18
180,9150147,r1,293,0.5508412,1.225287357,0.9883888163494832,0.9119457357883692,0.985839212,0.951041912,1.2111022172936805,1.487804878,33.33,0.5,1,XGBoost,no,280,14,0.18
181,9076976,r1,42573,0.5861376,0.78125,1.1976697194088497,1.2391519678780782,1.26726149497102,1.058009121,0.9052978804495624,1.487804878,100.0,1.6,0,XGBoost,no,280,14,0.18
182,8938411,r1,34,0.5528475,0.919217687,1.022984528542722,0.963930043,0.980949822767506,0.892964556,1.2052292001527587,0.672131148,50.0,0.653846154,1,XGBoost,no,280,14,0.18
183,9262147,r1,36098,0.6288115,1.104,1.087375643407304,1.221053132333186,1.097639453028683,0.963520243,1.1232606650731525,1.655737705,66.67,1.0,1,XGBoost,no,280,14,0.18
184,9027437,r1,17982,0.5828502,1.041666667,1.1200598840596971,1.305537958838449,1.1639075064905808,1.198461376,0.8156068616895131,0.603960396,66.67,1.166666667,1,XGBoost,no,280,14,0.18
185,9097241,r1,23113,0.87728196,0.4875,1.1376598417243065,1.073511774904367,0.824506343,0.957959212,0.8527678979708289,0.012345679,0.0,0.0,1,XGBoost,no,280,14,0.18
186,9680236,r1,49657,0.6062739,1.458333333,1.261622807017544,0.9818561927754624,1.0199836419816857,1.053033796,0.8175847085064415,0.673137255,0.0,0.888888889,1,XGBoost,no,280,14,0.18
187,9657101,r1,251,0.8733698,0.0,0.5818375977435318,0.354555822092886,0.638616581,1.322336296,0.6618077744306146,0.012345679,0.0,0.0,1,XGBoost,no,280,14,0.18
188,9615087,r1,41,0.5320274,1.310638298,1.1228080193983694,1.0953399044995404,1.099774519937306,0.931359607,0.8405247423362108,1.0,60.0,0.8,1,XGBoost,no,280,14,0.18
189,9272514,r1,33935,0.825685,0.504743833,0.9796450585924272,0.951872798,0.9340621878099932,1.180271153,0.994718618,1.0,0.0,0.909090909,0,XGBoost,no,280,14,0.18
190,9459820,r1,20,0.5237322,1.423167849,1.2422813200775775,1.2831861019807496,1.1644474751643834,1.047683059,0.9528554310811628,1.975609756,50.0,1.058823529,1,XGBoost,no,280,14,0.18
191,9684408,r1,13957,0.5427515,1.2,1.0614865933718265,0.6898021796540031,1.0706036688586171,0.784628291,-0.122712083,1.0,0.0,1.125,1,XGBoost,no,280,14,0.18
192,9639118,r1,188,0.50948066,1.070881226,1.0462417227111458,1.010463544533611,1.066760308126527,1.005180996,1.099195761155298,0.344262295,50.0,0.375,1,XGBoost,no,280,14,0.18
193,9516583,r1,30393,0.5950594,0.623655914,0.9873075078595408,1.0751839488055943,1.004217231320106,1.077160217,1.071202849,0.672131148,60.0,0.764705882,1,XGBoost,no,280,14,0.18
194,9433801,r1,10366,0.5651297,0.947540984,1.1187985400420746,0.9197244007859052,1.157861277461114,0.899693416,0.86026672,0.75308642,33.33,0.909090909,1,XGBoost,no,280,14,0.18
195,9330579,r1,12718,0.5653496,2.121212121,1.0662998520665397,0.8878388460581945,0.9967139774906736,1.697368421,0.0,3.857142857,0.0,0.0,1,XGBoost,no,280,14,0.18
196,9176327,r1,48,0.71167606,0.641025641,0.7359746946918163,0.7353577536072463,0.7411220136586469,0.731908036,0.7857941127508962,0.405940594,0.0,0.263157895,0,XGBoost,no,280,14,0.18
197,9250289,r1,251,0.8471969,0.441176471,1.1742618887712448,0.8773119427532675,0.910474728,2.667157239,0.2406998882568047,1.0,0.0,0.0,0,XGBoost,no,280,14,0.18
198,9433283,r1,8987,0.55206406,0.947540984,1.1187985400420746,0.8319083363453919,1.1130772491126109,0.903383363,0.9043780870333908,1.0,33.33,1.0,1,XGBoost,no,280,14,0.18
199,9433192,r1,7573,0.6499047,1.285714286,1.0206053617658692,0.8757030672889047,0.9336295538392914,0.939435484,1.1694963346135565,41.0,50.0,0.454545455,0,XGBoost,no,280,14,0.18
200,9051041,r1,40578,0.6415109,1.517857143,1.043270497983805,1.1067129070468456,0.8332820061390929,1.547462186,0.7386710531939168,1.0,66.67,1.5,1,XGBoost,no,280,14,0.18
201,9262084,r1,36084,0.6087294,1.283333333,1.097742446905096,1.1425974120884326,1.0185678544378136,0.962835979,1.7545734972531155,1.0,0.0,0.714285714,0,XGBoost,no,280,14,0.18
202,9484705,r1,40606,0.5662034,0.958333333,1.2361091969255236,1.075926868608159,1.068511500031391,1.263950154,0.8596525114351388,1.487804878,25.0,0.833333333,0,XGBoost,no,280,14,0.18
203,9457475,r1,35790,0.6732261,2.488888889,1.1042626728110598,0.8083621357975289,1.0496849188895898,1.269585325,0.9869524135073776,4.80952381,0.0,0.714285714,1,XGBoost,no,280,14,0.18
204,9830757,r1,76,0.6205661,0.823529412,0.9472197613126776,1.4613072944432566,0.8200441174113066,0.922346849,1.2075024192477348,0.672131148,50.0,0.75,0,XGBoost,no,280,14,0.18
205,9272458,r1,33935,0.7460042,1.981203008,1.1303871227183662,1.0505605392970054,1.070592529116937,0.847262934,1.0053094231511388,1.0,100.0,1.090909091,0,XGBoost,no,280,14,0.18
206,9539725,r1,293,0.52306193,1.346879535,1.1525782686821808,1.0727482624853648,0.9461698564470792,1.071739001,0.9029232325724372,3.857142857,100.0,1.714285714,0,XGBoost,no,280,14,0.18
207,9684359,r1,14454,0.5575174,1.75,1.280035774228372,2.404707706931486,1.1671916571297931,3.395661786,1.2380628899051136,1.487804878,100.0,2.0,0,XGBoost,no,280,14,0.18
208,9263085,r1,76,0.7039752,1.16031746,1.0427509665372618,1.1320774621993908,0.9868083291791824,1.055416571,0.9676121670332593,2.904761905,33.33,1.6,0,XGBoost,no,280,14,0.18
209,9094266,r1,46745,0.6656728,0.65625,1.0801898091296371,0.9505921799270652,1.0275486625040025,0.816624484,1.1014784112303495,0.672131148,100.0,0.75,1,XGBoost,no,280,14,0.18
210,9250324,r1,251,0.7441558,0.452488688,0.8312294384543497,0.7743938213540313,1.0500456951209929,1.240981593,0.6625049241994252,26.0,0.0,3.0,1,XGBoost,no,280,14,0.18
211,9587101,r1,36098,0.54200166,0.956521739,1.1443431967116746,0.9037272211546858,1.0542677787968242,0.860412286,1.2918394559030677,1.0,66.67,0.615384615,0,XGBoost,no,280,14,0.18
212,9433248,r1,8917,0.7281356,0.988064791,1.0019835535334751,0.8983548268102024,0.8750274097990889,0.906988631,0.9879017281602264,1.952380952,66.67,0.727272727,0,XGBoost,no,280,14,0.18
213,9094315,r1,46752,0.5162504,0.80952381,1.0652941719632496,0.9135160925080966,1.0592812743713844,1.306388156,0.9666128759798056,0.047619048,100.0,0.8125,1,XGBoost,no,280,14,0.18
214,9128615,r1,48341,0.77763855,0.512,0.9709478529465204,0.9483047151838933,0.9991631862361486,1.16125616,0.8246643047843812,1.065789474,100.0,1.3,1,XGBoost,no,280,14,0.18
215,9094217,r1,46759,0.78065425,0.5,1.0059884948414834,0.9462822434786846,0.9673607458439965,0.857800977,1.061896231887128,0.344262295,0.0,0.555555556,1,XGBoost,no,280,14,0.18
216,9094350,r1,46766,0.5166097,0.761904762,1.0039080544725512,0.959085053,1.0262412355652049,1.139634492,0.9163580973825356,0.512195122,0.0,0.631578947,1,XGBoost,no,280,14,0.18
217,9094357,r1,46752,0.50253123,0.754901961,1.0035747925741034,1.0834914238524225,0.9164690986997968,1.135139246,1.1252220664302257,1.0,33.33,1.1,1,XGBoost,no,280,14,0.18
218,9388490,r1,18570,0.72817266,3.2,1.0582436711483945,0.740804226,0.9240326306970555,0.775667251,1.1959901282574823,2.904761905,100.0,1.25,0,XGBoost,no,280,14,0.18
219,9087231,r1,34,0.7603479,0.702341137,0.6731418013856814,0.7662472886372498,0.7822895116186963,1.365362392,0.9625762419034471,1.0,0.0,0.6875,1,XGBoost,no,280,14,0.18
220,9344362,r1,22763,0.78242195,1.025641026,1.0793632615666515,0.6968497498663557,0.8804704518980951,1.97282673,0.7165945760667706,0.512195122,66.67,0.8,0,XGBoost,no,280,14,0.18
221,9484649,r1,40550,0.6839173,2.083333333,1.1065195443377265,1.0815566385445623,0.9558972838502572,1.154092175,1.0443864901949638,2.904761905,100.0,1.0,0,XGBoost,no,280,14,0.18
222,9085397,r1,7608,0.5202566,0.604938272,1.021803554838644,1.0824427686082538,0.9989160958659026,0.733477236,1.005916109430511,1.0,0.0,2.5,0,XGBoost,no,280,14,0.18
223,9084767,r1,8182,0.57566583,1.032608696,0.93753951,1.025237801,1.1005654303651635,0.87899006,1.0243174844487537,1.0,100.0,0.6,0,XGBoost,no,280,14,0.18
224,9128741,r1,30421,0.5472876,1.115384615,1.047371783,1.0610022108042831,1.0842816527473915,0.963137013,0.9643105010057476,1.0,66.67,1.055555556,1,XGBoost,no,280,14,0.18
225,9344355,r1,23750,0.5835771,0.666666667,1.0340932118707824,0.8754032788764756,0.9930297665720222,1.059571807,0.8574482744886602,0.75308642,50.0,0.6,1,XGBoost,no,280,14,0.18
226,9433486,r1,8056,0.65204597,1.928571429,1.0192106778604175,1.077255325746917,0.9940226454047926,1.228566129,0.8613642108706702,21.0,66.67,1.285714286,0,XGBoost,no,280,14,0.18
227,9094238,r1,46759,0.64580953,1.619047619,1.1156572903850694,0.7959757325848154,1.00814800676286,1.02952589,0.99587549506883,2.904761905,100.0,1.5,1,XGBoost,no,280,14,0.18
228,9433346,r1,8917,0.7392508,1.981785064,1.0265987912811376,0.8753647936831155,1.1201553435015754,0.865586983,0.969697249,1.0,80.0,0.909090909,1,XGBoost,no,280,14,0.18
229,9484698,r1,40550,0.5650917,1.517857143,1.043270497983805,0.9912948319142024,0.9411968746453144,1.403816531,0.7889057371945893,1.487804878,60.0,0.642857143,1,XGBoost,no,280,14,0.18
230,9680278,r1,47487,0.5770012,0.56,0.9980706030407902,1.1425890529819722,1.0345682902226156,0.761145515,1.3609186026831317,0.411764706,100.0,1.5,0,XGBoost,no,280,14,0.18
231,9084879,r1,8056,0.66833097,1.928571429,1.0192106778604175,1.153492541917905,0.9851142924871206,1.395316218,0.7881452530061857,0.512195122,100.0,0.818181818,0,XGBoost,no,280,14,0.18
232,9084921,r1,7727,0.68672377,0.39452496,0.95050511310815,0.811783011,0.9101388908771296,1.111758533,1.1846221278368712,1.0,100.0,1.111111111,1,XGBoost,no,280,14,0.18
233,9489332,r1,46731,0.5818428,0.65625,0.9890296929862864,0.8012684955486471,0.9400073231626512,1.167749902,1.1078942997598478,0.75308642,0.0,0.6,1,XGBoost,no,280,14,0.18
234,9051125,r1,40606,0.7008686,1.153846154,1.0938899765780945,0.7897116709162205,0.9896756036655217,1.204789797,1.0001860676709793,0.207920792,0.0,0.533333333,1,XGBoost,no,280,14,0.18
235,9749690,r1,769,0.5056218,1.5,1.1732810220813843,1.1377101681345074,0.8000732897932371,0.61233348,1.0236855649500969,51.0,0.0,0.0,1,XGBoost,no,280,14,0.18
236,9167934,r1,251,0.8763551,0.470588235,0.9860392343542992,1.3587635531247542,0.9643295107106314,1.521392498,0.8255531645069084,21.0,100.0,2.0,1,XGBoost,no,280,14,0.18
237,9272745,r1,33956,0.6797055,1.789473684,1.089721646990611,1.1391196926243696,0.9538711555472892,0.990221638,0.8265739866790004,2.463414634,50.0,0.866666667,1,XGBoost,no,280,14,0.18
238,9484607,r1,40578,0.5234235,1.0,0.9272296980575532,0.9845473702512526,0.9459346252645052,0.777920883,1.1226231497815935,0.672131148,0.0,0.571428571,0,XGBoost,no,280,14,0.18
239,9097409,r1,23869,0.59752023,1.1,0.8722306965933029,0.8318163051891526,1.0944788876975706,1.132001791,0.7810119798745868,0.75308642,0.0,0.666666667,1,XGBoost,no,280,14,0.18
240,9097283,r1,22763,0.70965856,1.65,0.8735632183908045,0.7354051786896573,1.0043766440284467,0.933325917,0.8172489202904886,1.487804878,100.0,0.666666667,1,XGBoost,no,280,14,0.18
241,9094420,r1,46738,0.5731921,0.802083333,1.091056997,1.0473512499186557,0.9506846788809142,0.956789519,1.4310565726658335,2.904761905,0.0,1.545454545,1,XGBoost,no,280,14,0.18
242,9433094,r1,8987,0.5153258,0.988064791,0.9628553284141768,1.1096165853342836,0.9577178404456256,1.021131785,0.9057174098080572,1.0,66.67,0.692307692,0,XGBoost,no,280,14,0.18
243,9272626,r1,33914,0.55453956,0.99047619,1.0022332260802167,0.9232190788044498,1.0010615754193848,0.879046054,1.246289416161653,0.672131148,50.0,1.25,1,XGBoost,no,280,14,0.18
244,9256554,r1,48,0.5611506,0.708333333,0.9323236858839749,0.8077380992313897,1.0029097615135871,0.719865284,1.2467887123623411,1.952380952,0.0,0.647058824,1,XGBoost,no,280,14,0.18
245,9484621,r1,40578,0.52267194,0.728571429,0.8812107631577927,1.1707799636082998,0.9275623406996903,0.902397415,0.893525029,0.344262295,25.0,0.5,1,XGBoost,no,280,14,0.18
246,9484523,r1,44904,0.6357203,1.372670807,1.054289946070514,1.3374211330512464,1.013653675503584,1.087637342,1.6204963800050858,1.487804878,60.0,1.4,1,XGBoost,no,280,14,0.18
247,9094413,r1,46780,0.6156151,0.606060606,0.9720509288216764,0.9631224559553784,0.9937729005680286,1.064769065,1.2101027624179717,1.0,0.0,0.857142857,1,XGBoost,no,280,14,0.18
248,9299359,r1,237,0.6895467,3.461538462,1.0677918248266776,1.0293906744969186,0.922325786,0.971365169,1.0727909281707235,1.776871541,66.67,0.333333333,0,XGBoost,no,280,14,0.18
249,9516562,r1,30414,0.5122951,1.435185185,1.0608904311957554,1.0070337665383002,0.9738972664300888,0.771799638,0.933711395,1.487804878,75.0,1.5,1,XGBoost,no,280,14,0.18
250,9151071,r1,27,0.57206565,0.830681818,0.8924156950993789,0.743728143,0.9626439706840522,0.789233125,1.150396952,0.00990099,0.0,0.47826087,1,XGBoost,no,280,14,0.18
251,8887794,r1,33921,0.54448175,0.723308271,0.9928151114270816,0.7759859950834151,0.9097004928492068,0.426601144,1.0757466049200632,1.0,33.33,0.75,0,XGBoost,no,280,14,0.18
252,9084578,r1,10618,0.58546096,0.733870968,0.9702564201442672,0.944357957,0.9198827903443408,1.120642295,0.8648686425920981,1.952380952,0.0,0.583333333,0,XGBoost,no,280,14,0.18
253,9128727,r1,30400,0.5289464,0.774193548,0.9247519369308144,1.4533752520115248,0.9392907943055409,0.90878505,1.167446040154008,0.512195122,66.67,2.666666667,1,XGBoost,no,280,14,0.18
254,9051069,r1,40606,0.58184177,1.043478261,1.0181681152926778,1.095619113223277,1.0720353502504991,0.992536529,1.4532298805278203,0.344262295,100.0,0.375,1,XGBoost,no,280,14,0.18
255,9272598,r1,33942,0.5680247,1.019607843,1.0805023706403492,0.9491098255873156,1.0066872494646042,1.160631468,1.0596137886423278,0.672131148,66.67,1.0,1,XGBoost,no,280,14,0.18
256,9516450,r1,30428,0.5367828,0.969230769,1.039901483725057,0.9065394949285128,1.039860896681298,1.012809736,0.9593321593756038,0.672131148,50.0,0.761904762,1,XGBoost,no,280,14,0.18
257,9097374,r1,23113,0.74746,1.692307692,0.9955418234690386,0.7912094937467535,1.1327078388980854,0.754712424,0.7346909231269986,2.904761905,100.0,0.5,1,XGBoost,no,280,14,0.18
258,9586989,r1,36084,0.608677,1.341666667,1.2032979809500186,1.2802523324051598,0.9597833582242216,1.063863707,1.1448501875269788,1.0,50.0,2.0,1,XGBoost,no,280,14,0.18
259,9084802,r1,7727,0.57057285,0.913043478,1.0097302869126408,1.0699107519555673,1.099788691677093,1.217206228,0.92579118329968,1.487804878,100.0,1.666666667,1,XGBoost,no,280,14,0.18
260,9250352,r1,251,0.5141196,0.85,0.7692332156600834,1.0292898745519712,0.9786238866622664,1.431415429,4.646342941779653,1.0,0.0,0.0,0,XGBoost,no,280,14,0.18
261,9344306,r1,23750,0.6604502,1.375,1.1083149003324408,1.3288765308330286,1.1194476702773526,0.793853846,1.0499792414538278,1.975609756,100.0,2.0,0,XGBoost,no,280,14,0.18
262,9262161,r1,36126,0.6038831,0.776397516,1.1382132776594356,0.9115654332495168,0.934655257,1.050626166,0.8463021442140369,1.487804878,33.33,1.222222222,0,XGBoost,no,280,14,0.18
263,9684674,r1,15497,0.52017665,1.0,1.0223898916034675,2.650301891844115,1.3069386941672207,4.208286936,1.0,0.75308642,100.0,5.0,1,XGBoost,no,280,14,0.18
264,9702776,r1,33963,0.54358184,1.369369369,1.0776866439815636,0.9829025789995892,0.8849862009893389,1.202672845,1.2222827155931677,3.857142857,60.0,0.461538462,0,XGBoost,no,280,14,0.18
265,8950773,r1,55,0.61582214,1.479310345,1.1133418190405429,1.288554018874139,1.0268862057989028,0.780531134,1.199141298064216,2.463414634,0.0,1.357142857,1,XGBoost,no,280,14,0.18
266,9094371,r1,46752,0.58497417,0.80952381,1.001515758336671,0.8748401355175628,1.0206010271824075,1.009500711,1.1558338017774006,2.904761905,0.0,0.916666667,1,XGBoost,no,280,14,0.18
267,9440500,r1,55,0.61174464,0.632051282,0.821572129,0.8100634637772374,0.9497736246935488,0.860257424,1.058288253125826,1.0,40.0,0.714285714,1,XGBoost,no,280,14,0.18
268,9085173,r1,9967,0.6063951,1.323529412,1.0338733208888242,1.4326031808169093,1.1019552985623071,0.84574767,1.2227946427790757,2.904761905,50.0,1.888888889,1,XGBoost,no,280,14,0.18
269,8887752,r1,33963,0.56260026,1.0,1.108292969,1.0034525176374598,1.147864446974446,0.915081266,0.9980671008096306,1.487804878,100.0,0.333333333,1,XGBoost,no,280,14,0.18
270,9272472,r1,33942,0.5733314,1.019607843,1.0805023706403492,0.8670730218276024,0.9750631068073768,0.887012895,0.9653913804991824,0.512195122,66.67,0.454545455,0,XGBoost,no,280,14,0.18
